{
  "train": [
    0.010361788998224906,
    0.0037726435121148826,
    0.003304699317419103,
    0.0027457881330379416,
    0.0025061083369489227,
    0.0022026149524109703,
    0.0018012031194354807,
    0.0016862328073808126,
    0.0014690064513789756,
    0.0013689768293074199,
    0.001275066158601216,
    0.0011830673944205046,
    0.0011087379732967488,
    0.001040413766035012,
    0.0009260155731546027,
    0.0009225484051608614,
    0.0008374736014354442,
    0.0008194968428329697,
    0.0008363282984521773,
    0.0007507897948047944,
    0.0007553596703136074,
    0.0006961218157916197,
    0.0006447348879051528,
    0.0005969432309003813,
    0.0006323146472818085,
    0.0005870772886888258,
    0.000544473327729585,
    0.0005312647176906466,
    0.0005397818119132093,
    0.0005431796996189015,
    0.000502775947297258,
    0.00047507630970462095,
    0.0005400587754057987,
    0.0005204056899861566,
    0.00045592024476666534,
    0.00044959309976547955,
    0.0004200967805393572,
    0.00042304910466607127,
    0.0004178837706734027,
    0.00040684186317957937,
    0.00040606114268302917,
    0.000376000998940851,
    0.00037044899717771584,
    0.00036793306972166255,
    0.00040191921387200375,
    0.0003622855932584831,
    0.00034599579967159244,
    0.0003383095153008721,
    0.00033062858686649374,
    0.0003455610490803208
  ],
  "val": [
    0.004316923710207144,
    0.0032270887282987437,
    0.002855681142459313,
    0.002659555134673913,
    0.0025298586562275886,
    0.002213223100329439,
    0.001954007228836417,
    0.001886901785309116,
    0.001364836801464359,
    0.0013776397686451674,
    0.0012250323053449393,
    0.001310154006506006,
    0.001262840894361337,
    0.001254035280396541,
    0.0009467564853839576,
    0.0009312222421479721,
    0.0009173271066198746,
    0.0009830350686485568,
    0.0008744171153133115,
    0.0009592867717146873,
    0.0008086843779310584,
    0.0007568252336544295,
    0.000717658992856741,
    0.000745946972630918,
    0.0007401871957505743,
    0.0007983029945753515,
    0.0007143024491767088,
    0.0007161493396076064,
    0.0006957870589879652,
    0.0006108232505309085,
    0.0006334200113390883,
    0.0006060595141413311,
    0.0006360618898955485,
    0.000596362945313255,
    0.0005882032566393415,
    0.0006143034347333014,
    0.0005629790693831941,
    0.0005526390573941171,
    0.0005977513501420617,
    0.000546831461135298,
    0.000567986589235564,
    0.0004999251314438879,
    0.0005025513990161319,
    0.0005051597125517825,
    0.0004859720479386548,
    0.00048750402902563415,
    0.0005203598802909255,
    0.00048769994406029583,
    0.000464807349567612,
    0.000489825368548433
  ]
}