{
  "train": [
    0.014737912093954426,
    0.008692533452595984,
    0.0073050393084330215,
    0.0065716486291161605,
    0.005834392019148384,
    0.005344611692641462,
    0.004781662469729781,
    0.004352661084383726,
    0.00398352646242295,
    0.0036957382788615567,
    0.003560816076185022,
    0.0032975208668836525,
    0.003170464580346431,
    0.0029763500498873846,
    0.002825867157695549,
    0.0026826633435807056,
    0.00260409792419523,
    0.00259811490321798,
    0.0027668851081814085,
    0.002294863930504237,
    0.0021785032491066624,
    0.002056541905472321,
    0.001983440261334181,
    0.0019044125081439103,
    0.0018830020323927913,
    0.0018679583575576543,
    0.001713987186551094,
    0.0017167474421273385,
    0.0016787369891202875,
    0.0015837656795712454,
    0.0015280208324215242,
    0.0014958908786731108,
    0.0014721892539943967,
    0.0014166143990254829,
    0.0013572209058994693,
    0.0013145170944210674,
    0.0013035538655572704,
    0.0012959675041160413,
    0.0012378241425114018,
    0.0011679519545286894,
    0.0012005882538588984,
    0.0011680728347439851,
    0.0011207545419622744,
    0.0011039225388584392,
    0.0010409818551103984,
    0.0010350517533453448,
    0.0010324771545295204,
    0.0010165951502110278,
    0.0009873074438156825,
    0.0009714075064818774
  ],
  "val": [
    0.010278138158222039,
    0.008155886756877104,
    0.007115709573030472,
    0.00651861293365558,
    0.00604119202742974,
    0.005603092908859253,
    0.0053157644135256605,
    0.004746549451102813,
    0.0044311219193041325,
    0.00434736734504501,
    0.00416534511372447,
    0.003923119143893321,
    0.003926098978767793,
    0.004012949999421835,
    0.0033733019741872946,
    0.003233137257397175,
    0.0031799904244641463,
    0.005301345272610585,
    0.0030833010946710905,
    0.0030450342061618964,
    0.0030904490451018015,
    0.0027379629847904046,
    0.002766419908652703,
    0.00284859474748373,
    0.0028142416800061862,
    0.0026629577949643136,
    0.00263489664097627,
    0.002675302350272735,
    0.002566939377536376,
    0.002580207046121359,
    0.0024045686970154447,
    0.0024225067533552645,
    0.002466762694219748,
    0.002376077479372422,
    0.0024552843185762564,
    0.0024090835712850095,
    0.0024275643775860467,
    0.0022228192426264285,
    0.002322469008465608,
    0.002317250590771437,
    0.0022884509973227977,
    0.0022257456580797833,
    0.002213091536114613,
    0.002202351501832406,
    0.002200454618781805,
    0.0023011444682876268,
    0.002176820904016495,
    0.002235706397642692,
    0.002179636884480715,
    0.0022078644620875517
  ]
}