{
  "train": [
    0.038567062869668,
    0.01723372370004654,
    0.008884144986314433,
    0.004204111546544092,
    0.00288543355917292,
    0.002289405608549714,
    0.0019733156189322473,
    0.0015789246583091361,
    0.0014430155019674981,
    0.0013733670208603145,
    0.001137304477061012,
    0.0010633057579398156,
    0.0009878167770137744,
    0.0009331682622432709,
    0.0008323685619980096,
    0.0007881707902997733,
    0.0007899840344408793,
    0.0006882053853145667,
    0.0006794902518657701,
    0.0006252167418466083,
    0.0006035481176472136,
    0.0005724375269907926,
    0.000542670115761991,
    0.0005610923821971353,
    0.0004920567092485726,
    0.0005031880601974471,
    0.0004544629018886813,
    0.00043783231428824363,
    0.00040199012994500145,
    0.00042983995830374105,
    0.0003878145884123764,
    0.00039807835444142777,
    0.00038054340622121737,
    0.00037221953775068477,
    0.000365697419969365,
    0.0003289586999120989,
    0.00033363238582387566,
    0.0003238961186725646,
    0.0003135199134038495,
    0.0003071692031475582,
    0.0003029614779266662,
    0.00027152814012619536,
    0.0002571297823950382,
    0.000274332997023261,
    0.0002956005214447422,
    0.0002534384660622371,
    0.0002524180795465197,
    0.00025190227861250083,
    0.00027609514644635577,
    0.0002479915329853871
  ],
  "val": [
    0.02365246102710565,
    0.01123918141424656,
    0.005644955349465211,
    0.003097717754542828,
    0.0022721322203675906,
    0.0023041301940878232,
    0.0020507720212141673,
    0.001415392491966486,
    0.0016686317306011916,
    0.0011924564456567168,
    0.0011033266404022774,
    0.001371656990920504,
    0.0011028724250694115,
    0.0008873920378585657,
    0.000779766303487122,
    0.0008602536898106337,
    0.0006762069649994373,
    0.0007712758034467697,
    0.0007049571297441919,
    0.0006940871085971594,
    0.0005860955597211917,
    0.0005596931126589577,
    0.000685935450407366,
    0.0005505782207474113,
    0.0004568972368724644,
    0.0006805514624963204,
    0.0005469848465484877,
    0.000530252635013312,
    0.0005702129712638756,
    0.00048201047303155067,
    0.0005224032676778734,
    0.0004870567683440944,
    0.0003709118211021026,
    0.0004039714940202733,
    0.0003377649861698349,
    0.0003616241593845189,
    0.0003745698691345751,
    0.0003239372329165538,
    0.0003393478388898075,
    0.00031528217733527223,
    0.00032914707825208706,
    0.0003093463402086248,
    0.00028045879335453114,
    0.0002653769801060359,
    0.00032743220357224343,
    0.00030383306353663406,
    0.00025053084509757656,
    0.00028704821318387987,
    0.00035213315533474086,
    0.0002792163637156288
  ]
}