{
  "train": [
    0.016715132917676654,
    0.006598321251571179,
    0.005820218910064016,
    0.0044996425163533,
    0.0019721813634304064,
    0.0013166663509660533,
    0.0009906674622158918,
    0.0008944940134616835,
    0.0007562574544655425,
    0.0007484917723839836,
    0.0006420316124068839,
    0.0005878488229188536,
    0.0004957436626843576,
    0.0005911142809449562,
    0.0005063458209790822,
    0.0004638978971301445,
    0.0004432335090490856,
    0.0004825493843361203,
    0.0004112178150098771,
    0.00039961312571540477,
    0.00038147141405248217,
    0.0003783090837698962,
    0.0003612596754849489,
    0.0003364145366608032,
    0.00032517340150661767,
    0.00029458926814342185,
    0.000295654164377733,
    0.0002881903653365693,
    0.00031365356344862706,
    0.0002858285478848432,
    0.0002720867615924882,
    0.0002857019966468215,
    0.00027849158980617565,
    0.00028052315661417586,
    0.00022483651468064637,
    0.0002550827785328563,
    0.00022549988884877945,
    0.00021757089662631708,
    0.00020878607516975275,
    0.00022054150958345937,
    0.0002526944609624999,
    0.00019424979954159685,
    0.0002176363159336948,
    0.0001799550653501813,
    0.0001969890686117911,
    0.00019182832040158765,
    0.00017780588387644717,
    0.00017245519304248905,
    0.00016958959912881255,
    0.0001860697318167825
  ],
  "val": [
    0.007651877378424009,
    0.006108943291008472,
    0.005323597223808368,
    0.0027598407895614704,
    0.0012911565699614584,
    0.0012018974389260014,
    0.0009130488332981865,
    0.0009624175700979928,
    0.0007127904674659173,
    0.0007521606601464251,
    0.0005346223635909458,
    0.00045845249590153493,
    0.0005225372573671241,
    0.0004267712854004155,
    0.00039798294426873326,
    0.00044246872840449217,
    0.0004388120928003142,
    0.0005110505140231301,
    0.00036680846017164486,
    0.00039259475632570683,
    0.00039429656160064043,
    0.0004338396959162007,
    0.0004646307798102498,
    0.00028093085663082696,
    0.00042725422442890706,
    0.00031189360578233997,
    0.0002727530332437406,
    0.00025350260843212403,
    0.00034492799810444314,
    0.00024070209524749468,
    0.0002331038780976087,
    0.00025709381020472694,
    0.00024868414209534725,
    0.0004226902405110498,
    0.00024343428132124245,
    0.00035798225691542027,
    0.00029037340932215253,
    0.0002650820981167878,
    0.00018813456164207308,
    0.0002443469458182032,
    0.00018089104552442828,
    0.0002024072288380315,
    0.00022728692212452492,
    0.00021770624979399145,
    0.0001793017789799099,
    0.00025617979862727227,
    0.00018396057529995838,
    0.00026871689649609227,
    0.0001943035190536951,
    0.0001916281970916316
  ]
}