{
  "train": [
    0.019219654667235558,
    0.005819913225159758,
    0.0041394445965332646,
    0.002820718485329832,
    0.0021103333242769753,
    0.0017340257754992871,
    0.0012621190857940486,
    0.0011717701512610628,
    0.0011012527308914633,
    0.001086703459510491,
    0.0009502576060947918,
    0.00091116398717055,
    0.0008078574577701234,
    0.0008702056402606624,
    0.0008247635295126765,
    0.0007636791640626533,
    0.0007580434121856732,
    0.000820042404922701,
    0.000813625819393478,
    0.0008450484885612414,
    0.0007384740575105839,
    0.0007723352042514653,
    0.0006943571426728297,
    0.0007115485404972874,
    0.0007649029794126927,
    0.0007209148602227547,
    0.0006913947732010413,
    0.0007953738463887324,
    0.0006629321282906901,
    0.0007449760733704482,
    0.0007735794505459213,
    0.0007223699751886584,
    0.0009355067965641085,
    0.0006424953253008426,
    0.000701290193856472,
    0.0006060595198401383,
    0.0005703852899993459,
    0.0006677647063597327,
    0.0006329107663727232,
    0.0005993489284134869,
    0.0005537908513187652,
    0.0007026362481216589,
    0.0006002779639813872,
    0.0005645816978288904,
    0.000576914480355169,
    0.0005473480377501498,
    0.0005265541084199434,
    0.0005434950463296402,
    0.0005306210007429833,
    0.000589657947365638
  ],
  "val": [
    0.006300868549280697,
    0.0058083740311364335,
    0.0034822481229073473,
    0.0018738799521492587,
    0.001828162916418579,
    0.0011548761195606656,
    0.0011721029091212485,
    0.0010777136217802762,
    0.0022190211415808233,
    0.0010131928086694745,
    0.0011545414353410404,
    0.000771212169331395,
    0.0008748153550550341,
    0.0012261565283147825,
    0.0007949801865551207,
    0.0009259994115887417,
    0.0008017078406798343,
    0.000845265080117517,
    0.0007029406747056378,
    0.0010774213536125091,
    0.0009142593615170982,
    0.0007833390895070301,
    0.000944939336946441,
    0.0008359251926756567,
    0.0007233626599837509,
    0.0006392025806578911,
    0.0007987531724696358,
    0.0008755041894295977,
    0.0006041120614908222,
    0.0010407010051939223,
    0.001336722836519281,
    0.0006900331530616515,
    0.0006594165437854827,
    0.0007837282511819568,
    0.0009669738713031014,
    0.000578466926753107,
    0.0006574478978291154,
    0.0006243332964368164,
    0.0008726525169590281,
    0.0006523669405012495,
    0.0006251744838017556,
    0.0005802495265379549,
    0.0005434977392562561,
    0.0005830818797565169,
    0.0005910221088884605,
    0.0005693071858129567,
    0.0005810873127645917,
    0.0004893593565146957,
    0.0007034491675181521,
    0.0005463297264133063
  ]
}